Date,Notifications
2025-03-12,302
2025-03-13,379
2025-03-14,292
2025-03-15,214
2025-03-16,306
2025-03-17,271
2025-03-18,351
2025-03-19,449
2025-03-20,378
2025-03-21,330
2025-03-22,287
2025-03-23,430
2025-03-24,316
2025-03-25,299
2025-03-26,303
2025-03-27,302
2025-03-28,321
2025-03-29,274
2025-03-30,252
2025-03-31,201
2025-04-01,287
2025-04-02,357
2025-04-03,237
2025-04-04,329
2025-04-05,413
2025-04-06,387
2025-04-07,220
2025-04-08,430
2025-04-09,257
2025-04-10,221
2025-04-11,288
2025-04-12,248
2025-04-13,258
2025-04-14,369
2025-04-15,387
2025-04-16,214
2025-04-17,389
2025-04-18,389
2025-04-19,374
2025-04-20,389
2025-04-21,316
2025-04-22,334
2025-04-23,413
2025-04-24,366
2025-04-25,256
